user_id,username,rank_id,url_index,banner_url
22875,+a++oo,888,1,https://forum.mafiascum.net/images/banners/pridegay4.png
37533,Abomination 3,888,1,https://forum.mafiascum.net/images/banners/pridegay4.png
17326,ActionDan,884,1,https://forum.mafiascum.net/images/banners/pridemlm.png
17326,ActionDan,884,2,https://forum.mafiascum.net/images/banners/pridegay4.png
37099,Aliana,881,1,https://forum.mafiascum.net/images/banners/pridearoace.png
36480,Alianna,1042,1,https://i.ibb.co/DC4H8Zv/pridenb.png
36480,Alianna,1042,2,https://i.ibb.co/GtxGC3z/pridearoace.png
38147,AliceNotThatOne,903,1,https://forum.mafiascum.net/images/banners/pride5.png
38147,AliceNotThatOne,903,2,https://forum.mafiascum.net/images/banners/pridelesbian.png
136,ambic,850,1,https://i.postimg.cc/TwWbv4FS/smash3.png
136,ambic,850,2,https://forum.mafiascum.net/images/banners/clashbanner6.png
36370,Ametrine,882,1,https://forum.mafiascum.net/images/banners/pridegay4.png
36370,Ametrine,882,2,https://forum.mafiascum.net/images/banners/pridegendafooid.png
38242,AnarchyBeliever,1033,1,https://forum.mafiascum.net/images/banners/pridelesbian.png
35696,Angel3,905,1,https://forum.mafiascum.net/images/banners/pridepan.png
35696,Angel3,905,2,https://forum.mafiascum.net/images/banners/prideagender.png
37201,AnimatedWiz,886,1,https://forum.mafiascum.net/images/banners/pridemlm.png
378,AniX,557,1,https://forum.mafiascum.net/images/banners/prideace.png
37239,anonymousnarcotics,902,1,https://forum.mafiascum.net/images/banners/pridenb.png
37239,anonymousnarcotics,902,2,https://forum.mafiascum.net/images/banners/pridepan.png
28554,Ariel,786,1,https://i.postimg.cc/02gLW9tM/bestsg2.png
35974,Aristeia,751,1,https://i.postimg.cc/Kzd1JnYF/goodfellas2.png
36959,Arko,861,1,https://forum.mafiascum.net/images/banners/pride5.png
1446,Aureal,933,1,https://i.postimg.cc/FHNnV4mJ/scummieskodak2.png
1446,Aureal,933,2,https://forum.mafiascum.net/images/banners/pridegay4.png
1446,Aureal,933,3,https://forum.mafiascum.net/images/banners/AOXlUSR.png
31973,Auro,894,1,https://i.postimg.cc/W3sW-PKcC/poty2.png
30241,Ausuka,896,1,https://i.postimg.cc/zDTtMR2j/rube2.png
30241,Ausuka,896,2,https://forum.mafiascum.net/images/banners/pridebi1.png
37425,Aventurine,855,1,https://forum.mafiascum.net/images/banners/pridemlm.png
37425,Aventurine,855,2,https://forum.mafiascum.net/images/banners/pride5.png
20316,Belisarius,1035,1,https://forum.mafiascum.net/images/banners/prideace.png
36835,biancospino,854,1,https://forum.mafiascum.net/images/banners/pridearo.png
36961,Black,851,1,https://forum.mafiascum.net/images/banners/pridebi1.png
37794,BlueMonk,1041,1,https://i.ibb.co/DC4H8Zv/pridenb.png
18702,borkjerfkin,420,1,https://forum.mafiascum.net/images/banners/pridegay4.png
15402,C-Worl,920,1,https://i.ibb.co/1fRypL73/c-worl.gif
15402,C-Worl,920,2,https://forum.mafiascum.net/images/banners/pride5.png
15402,C-Worl,920,3,https://forum.mafiascum.net/images/banners/pridelesbian.png
20847,Cabd,819,1,https://forum.mafiascum.net/images/banners/pridebi1.png
36566,Cat and Fish,888,1,https://forum.mafiascum.net/images/banners/pridegay4.png
37849,Cathedral,976,1,https://forum.mafiascum.net/images/banners/pridearo.png
36779,CCGeek,889,1,https://forum.mafiascum.net/images/banners/pridebi1.png
36779,CCGeek,889,2,https://forum.mafiascum.net/images/banners/pridegenderqueer.png
37045,Cee Mirage,891,1,https://forum.mafiascum.net/images/banners/prideace.png
4489,Cephrir,941,1,https://forum.mafiascum.net/images/banners/pridemlm.png
37570,Clown Bean,903,1,https://forum.mafiascum.net/images/banners/pride5.png
37570,Clown Bean,903,2,https://forum.mafiascum.net/images/banners/pridelesbian.png
18628,D3f3nd3r,911,1,https://forum.mafiascum.net/images/banners/clashbanner6.png
19042,Dannflor,909,1,https://i.postimg.cc/Kzd1JnYF/goodfellas2.png
36156,DArby,872,1,https://forum.mafiascum.net/images/banners/pridebi1.png
32624,Datisi,847,1,https://forum.mafiascum.net/images/banners/pride5.png
37683,diluculum,935,1,https://forum.mafiascum.net/images/banners/pridegay4.png
33894,DkKoba,871,1,https://forum.mafiascum.net/images/banners/pridenb.png
33894,DkKoba,871,2,https://forum.mafiascum.net/images/banners/pridebi1.png
32939,Doctor Drew,943,1,https://forum.mafiascum.net/images/banners/pridegay4.png
7249,doctor no,1039,1,https://i.ibb.co/LnDP50C/pridebi1.png
7249,doctor no,1039,2,https://i.ibb.co/DC4H8Zv/pridenb.png
36973,DragonEater70,936,1,https://i.postimg.cc/4dXLTMRL/community1.png
37287,Duelist Kage,869,1,https://forum.mafiascum.net/images/banners/pridebi1.png
27717,Dunnstral,921,1,https://i.postimg.cc/FHNnV4mJ/scummieskodak2.png
28136,Eiralox,885,1,https://forum.mafiascum.net/images/banners/pridepan.png
32224,Elements,852,1,https://forum.mafiascum.net/images/banners/pride5.png
37298,Em,977,1,https://forum.mafiascum.net/images/banners/pridebi1.png
19826,Empire,1034,1,https://i.postimg.cc/ZRJ7hgzV/mash1.png
38149,Enigmatic Fiend,1031,1,https://i.ibb.co/yWjfM12/prideace.png
38149,Enigmatic Fiend,1031,2,https://forum.mafiascum.net/images/banners/AHocrYl.png
12329,esuriospiritus,814,1,https://forum.mafiascum.net/images/banners/pride5.png
12329,esuriospiritus,814,2,https://forum.mafiascum.net/images/banners/pridegay4.png
37648,Extasly,878,1,https://forum.mafiascum.net/images/banners/pride5.png
37648,Extasly,878,2,https://forum.mafiascum.net/images/banners/pridelesbian.png
31916,Farren,863,1,https://forum.mafiascum.net/images/banners/pridegay4.png
20541,fferyllt,550,1,https://forum.mafiascum.net/images/banners/pridegay4.png
37441,Firebagel,901,1,https://forum.mafiascum.net/images/banners/pridegenderqueer.png
26156,Firebringer,493,1,https://forum.mafiascum.net/images/banners/pridegay4.png
37859,FreyaVanadis,1045,1,https://i.postimg.cc/02gLW9tM/bestsg2.png
37859,FreyaVanadis,1045,2,https://forum.mafiascum.net/images/banners/pride5.png
37859,FreyaVanadis,1045,3,https://forum.mafiascum.net/images/banners/pridelesbian.png
26900,Frozen Angel,492,1,https://forum.mafiascum.net/images/banners/vqL4s3f.png
36904,GamerGryff,986,1,https://forum.mafiascum.net/images/banners/pridegendafooid.png
28404,Gamma Emerald,998,1,https://forum.mafiascum.net/images/banners/prideagender.png
12380,Gammagooey,352,1,https://forum.mafiascum.net/images/banners/pridegay4.png
33385,GeorgeBailey,765,1,https://forum.mafiascum.net/images/banners/pridebi1.png
34779,Gimli,1011,1,https://forum.mafiascum.net/images/banners/vqL4s3f.png
36495,GoldfishFromTheMoon,952,1,https://forum.mafiascum.net/images/banners/pridenb.png
37464,GreedyBanger,866,1,https://forum.mafiascum.net/images/banners/pridebi1.png
27829,Halian,948,1,https://forum.mafiascum.net/images/banners/pridearoace.png
8137,hasdgfas,983,1,https://i.postimg.cc/zB9y0nfB/madscientist.png
34369,hellbooks,908,1,https://i.postimg.cc/FRhWQqXn/mashterstroke.png
36786,HighPrincessErinys,870,1,https://forum.mafiascum.net/images/banners/pridelesbian.png
36786,HighPrincessErinys,870,2,https://forum.mafiascum.net/images/banners/pride5.png
37825,horse.,868,1,https://forum.mafiascum.net/images/banners/pridegay4.png
36966,Human,872,1,https://forum.mafiascum.net/images/banners/pridebi1.png
9323,imaginality,294,1,https://forum.mafiascum.net/images/banners/pridegay4.png
37472,Immortal Technique,957,1,https://i.postimg.cc/J0kjSCDd/scummiesbanner123.png
37472,Immortal Technique,957,2,https://forum.mafiascum.net/images/banners/pridegay4.png
14368,implosion,608,1,https://i.postimg.cc/FRhWQqXn/mashterstroke.png
14368,implosion,608,2,https://forum.mafiascum.net/images/banners/pridebi1.png
14368,implosion,608,3,https://forum.mafiascum.net/images/banners/AHocrYl.png
38086,J4ckP1n3,886,1,https://forum.mafiascum.net/images/banners/pridemlm.png
33505,JacksonVirgo,1024,1,https://forum.mafiascum.net/images/banners/pridebi1.png
33104,Jake The Wolfie,940,1,https://forum.mafiascum.net/images/banners/pridemlm.png
12572,jmj3000,863,1,https://forum.mafiascum.net/images/banners/pridegay4.png
37271,JupiterXV,880,1,https://forum.mafiascum.net/images/banners/AOXlUSR.png
36997,KawaiiKame,1022,1,https://forum.mafiascum.net/images/banners/vqL4s3f.png
37365,KayJayQueue,942,1,https://forum.mafiascum.net/images/banners/pridebi1.png
37542,kdy,858,1,https://forum.mafiascum.net/images/banners/pridemlm.png
24947,Keychain,946,1,https://forum.mafiascum.net/images/banners/prideace.png
24947,Keychain,946,2,https://forum.mafiascum.net/images/banners/pridearoace.png
28116,keyenpeydee,874,1,https://forum.mafiascum.net/images/banners/pridemlm.png
31189,Korina,712,1,https://forum.mafiascum.net/images/banners/pridearoace.png
31189,Korina,712,2,https://forum.mafiascum.net/images/banners/prideagender.png
14306,Lady Lambdadelta,821,1,https://i.postimg.cc/FR2YDjK7/momentofbrilliance.png
38046,Lhadre,886,1,https://forum.mafiascum.net/images/banners/pridemlm.png
27779,light_ganski,878,1,https://forum.mafiascum.net/images/banners/pride5.png
27779,light_ganski,878,2,https://forum.mafiascum.net/images/banners/pridelesbian.png
30138,Locke113,915,1,https://forum.mafiascum.net/images/banners/pride5.png
37452,LoveKilling,886,1,https://forum.mafiascum.net/images/banners/pridemlm.png
35542,Lukewarm,893,1,https://forum.mafiascum.net/images/banners/pridemlm.png
37686,lynnya,870,1,https://forum.mafiascum.net/images/banners/pridelesbian.png
37686,lynnya,870,2,https://forum.mafiascum.net/images/banners/pride5.png
31494,MafMen,885,1,https://forum.mafiascum.net/images/banners/pridepan.png
30130,Mantichora,1003,1,https://forum.mafiascum.net/images/banners/pridelesbian.png
35197,marcistar,917,1,https://i.postimg.cc/rwMYNkc4/scummieshannibal2.png
38222,Meaty The Snowman,1030,1,https://forum.mafiascum.net/images/banners/pridebi1.png
35964,MegAzumarill,857,1,https://forum.mafiascum.net/images/banners/pride5.png
19713,Mitillos,1037,1,https://i.postimg.cc/FRhWQqXn/mashterstroke.png
27855,Mizzytastic,919,1,https://forum.mafiascum.net/images/banners/prideace.png
27855,Mizzytastic,919,2,https://forum.mafiascum.net/images/banners/prideagender.png
37319,Mucho Man Randy Passion,861,1,https://forum.mafiascum.net/images/banners/pride5.png
34705,MUSHSHAGANA,892,1,https://forum.mafiascum.net/images/banners/pridevoidpunk.png
34705,MUSHSHAGANA,892,2,https://forum.mafiascum.net/images/banners/pridenb.png
33598,Naerys,1027,1,https://forum.mafiascum.net/images/banners/prideace.png
37537,Nectarine,904,1,https://forum.mafiascum.net/images/banners/pridegendafooid.png
37537,Nectarine,904,2,https://forum.mafiascum.net/images/banners/pridebi1.png
34775,nepenthe,988,1,https://forum.mafiascum.net/images/banners/pridebi1.png
13942,Nexus,422,1,https://forum.mafiascum.net/images/banners/pridegay4.png
37783,NicoleAndDime,915,1,https://forum.mafiascum.net/images/banners/pride5.png
38192,Oatmeal the Snowman,1026,1,https://forum.mafiascum.net/images/banners/pridegendafooid.png
38192,Oatmeal the Snowman,1026,2,https://forum.mafiascum.net/images/banners/pridegay4.png
35331,OopsieDaisy,877,1,https://forum.mafiascum.net/images/banners/pridebi1.png
35331,OopsieDaisy,877,2,https://forum.mafiascum.net/images/banners/pride5.png
34977,ORAM,861,1,https://forum.mafiascum.net/images/banners/pride5.png
19685,penguin_alien,863,1,https://forum.mafiascum.net/images/banners/pridegay4.png
1673,petroleumjelly,164,1,https://forum.mafiascum.net/images/banners/pridemlm.png
1673,petroleumjelly,164,2,https://forum.mafiascum.net/images/banners/pridegay4.png
37997,PhantomMuzzles,1007,1,https://forum.mafiascum.net/images/banners/clashbanner6.png
37512,Pink,888,1,https://forum.mafiascum.net/images/banners/pridegay4.png
355,PookyTheMagicalBear,93,1,https://i.ibb.co/9kHBCW1K/pooky.gif
26458,Postie,876,1,https://forum.mafiascum.net/images/banners/pridenb.png
26458,Postie,876,2,https://forum.mafiascum.net/images/banners/pridebi1.png
37473,Primal Thunder,875,1,https://forum.mafiascum.net/images/banners/pridearoace.png
37819,Purpler,951,1,https://forum.mafiascum.net/images/banners/pridegendafooid.png
27045,Radical Rat,859,1,https://forum.mafiascum.net/images/banners/pridenb.png
27045,Radical Rat,859,2,https://forum.mafiascum.net/images/banners/pridepan.png
37695,rBree2,922,1,https://forum.mafiascum.net/images/banners/pridelesbian.png
37695,rBree2,922,2,https://forum.mafiascum.net/images/banners/pride5.png
32137,Relm,903,1,https://forum.mafiascum.net/images/banners/pride5.png
32137,Relm,903,2,https://forum.mafiascum.net/images/banners/pridelesbian.png
33613,RH9,863,1,https://forum.mafiascum.net/images/banners/pridegay4.png
35782,Roden,866,1,https://forum.mafiascum.net/images/banners/pridebi1.png
37637,Roxas,944,1,https://forum.mafiascum.net/images/banners/pride5.png
37837,santygrass,990,1,https://forum.mafiascum.net/images/banners/pridebi1.png
629,Save The Dragons,68,1,https://forum.mafiascum.net/images/banners/pridemlm.png
629,Save The Dragons,68,2,https://forum.mafiascum.net/images/banners/pridegay4.png
36778,Searl,858,1,https://forum.mafiascum.net/images/banners/pridemlm.png
34879,Silverclaw,868,1,https://forum.mafiascum.net/images/banners/pridegay4.png
26092,SirCakez,803,1,https://i.postimg.cc/FR2YDjK7/momentofbrilliance.png
37761,Skelly,987,1,https://forum.mafiascum.net/images/banners/vqL4s3f.png
31604,Skygazer,723,1,https://i.postimg.cc/FRhWQqXn/mashterstroke.png
31604,Skygazer,723,2,https://forum.mafiascum.net/images/banners/prideace.png
37624,sloththeholy,949,1,https://i.ibb.co/Q0R0XBC/sloth.gif
37624,sloththeholy,949,2,https://forum.mafiascum.net/images/banners/pridebi1.png
26341,Spiffeh,569,1,https://forum.mafiascum.net/images/banners/pridegay4.png
28830,ssbm_Kyouko,914,1,https://forum.mafiascum.net/images/banners/pride5.png
28830,ssbm_Kyouko,914,2,https://forum.mafiascum.net/images/banners/pridelesbian.png
37942,Stormwarden,888,1,https://forum.mafiascum.net/images/banners/pridegay4.png
20972,Syryana,799,1,https://forum.mafiascum.net/images/banners/pridebi1.png
15310,T-Bone,719,1,https://i.postimg.cc/02gLW9tM/bestsg2.png
24426,Taly,910,1,https://forum.mafiascum.net/images/banners/pridemlm.png
24426,Taly,910,2,https://forum.mafiascum.net/images/banners/pridebigender.png
32406,TemporalLich,813,1,https://forum.mafiascum.net/images/banners/AHocrYl.png
36474,tenebrousluminary,886,1,https://forum.mafiascum.net/images/banners/pridemlm.png
37792,The Fool,950,1,https://forum.mafiascum.net/images/banners/pridegenderqueer.png
38297,The Snide Sniper,1040,1,https://i.ibb.co/yWjfM12/prideace.png
3467,Thestatusquo,846,1,https://forum.mafiascum.net/images/banners/clashbanner6.png
15112,Thomith,893,1,https://forum.mafiascum.net/images/banners/pridemlm.png
37297,Upwards,916,1,https://forum.mafiascum.net/images/banners/pridearoace.png
37297,Upwards,916,2,https://forum.mafiascum.net/images/banners/pridearo.png
16102,ValiliaRei,984,1,https://forum.mafiascum.net/images/banners/pridepan.png
29591,VashtaNeurotic,822,1,https://forum.mafiascum.net/images/banners/pridegay4.png
38006,villainous,1038,1,https://i.postimg.cc/T3fHJ6GD/scummiesrisingstar2.png
31772,volxen,750,1,https://i.postimg.cc/vTfcjc1m/whiteknihgt2.png
26964,worst,579,1,https://forum.mafiascum.net/images/banners/pridegay4.png
26964,worst,579,2,https://forum.mafiascum.net/images/banners/pridemlm.png
9173,xofelf,425,1,https://forum.mafiascum.net/images/banners/pridebi1.png
9173,xofelf,425,2,https://forum.mafiascum.net/images/banners/pridenb.png
34307,Ydrasse,801,1,https://forum.mafiascum.net/images/banners/pridebi1.png
12061,Ythan,1017,1,https://forum.mafiascum.net/images/banners/pridegay4.png
25119,ZOR TESTER,471,1,http://i.imgur.com/F5sJgSC.gif